Sample_ID,Actinobacillus,Actinomyces,Aggregatibacter,Alkalibacterium,Atopobium,Bacillus,Bacteroides,Bulleidia,Campylobacter,Capnocytophaga,Catonella,Chryseobacterium,Corynebacterium,Defluvibacter,Dialister,Fusobacterium,Gemella,Granulicatella,Haemophilus,Halomonas,Helicobacter,Herbaspirillum,Janthinobacterium,Kingella,Lautropia,Leptotrichia,Luteibacter,Marinilactibacillus,Microbacterium,Micrococcus,Mogibacterium,Moryella,Neisseria,Nesterenkonia,Ochrobactrum,Oribacterium,Other,Paracoccus,Parvimonas,Pedobacter,Peptostreptococcus,Porphyromonas,Prevotella,Propionibacterium,Pseudomonas,Psychrobacter,Rothia,Selenomonas,Shewanella,Sphingomonas,Staphylococcus,Stenotrophomonas,Streptococcus,TG5,Tannerella,Thiobacillus,Treponema,Unclassified,Veillonella,[Prevotella]
P001Z12,1.136165265685893,5.666961811134691,-1.3296061511012969,5.125296115597121,3.407573238000313,2.5076641387316965,5.543468244888967,3.427600663370879,-1.3296061511012969,-1.3296061511012969,-1.3296061511012969,3.2229558496985353,1.785912501241535,0.9179052944756156,-1.3296061511012969,4.217380477973912,0.396158005634879,6.086803683725785,3.120564346476443,2.2216368611464086,-0.7589268836299841,1.8833934891035824,0.6383098945961123,-1.3296061511012969,-1.3296061511012969,3.5458979265191273,-0.7589268836299841,-1.3296061511012969,2.6025225351913033,-1.3296061511012969,-1.3296061511012969,-1.3296061511012969,4.561708632768268,2.3842674910884547,0.8331058669640194,-1.3296061511012969,4.328037599816179,1.1994791562152392,-1.3296061511012969,4.086117995685655,-1.3296061511012969,4.702311609680601,6.717104423092264,1.1994791562152392,-0.7589268836299841,-1.3296061511012969,5.939515659785966,0.2488245539916374,2.689157270081716,0.2488245539916374,2.6752293903956295,3.2627068381418587,7.029765698394424,-1.3296061511012969,-1.3296061511012969,2.243471981315909,-1.3296061511012969,6.580870097378017,6.379527898712967,5.467354425574365
P001Z13,-0.34847337773175546,6.435699867363459,0.39330031426782064,2.158804302690254,3.9829379746495714,-1.1465993217019843,2.0892311932868255,4.501487521446904,3.7384554395468426,4.682144209930697,2.4975941300544298,-1.1465993217019843,0.39330031426782064,-1.1465993217019843,2.0144532972316815,6.476240141921908,2.7746935624300884,5.105039777704263,5.107390956578577,-1.1465993217019843,1.2854056698615164,-1.1465993217019843,0.6258917286607861,-0.6699385114264516,0.5163431788624582,5.249452085371405,-0.34847337773175546,-1.1465993217019843,-0.6699385114264516,-1.1465993217019843,1.9336284440094458,2.9516815036184623,5.987110820328185,0.089670694596796,-1.1465993217019843,3.334460601974003,2.0649212754008905,-1.1465993217019843,3.770256427186207,1.0438167186955285,3.209424204653323,5.997289580255554,6.397979131062268,0.39330031426782064,-0.6699385114264516,-1.1465993217019843,5.15664859806817,2.2849223983028715,-1.1465993217019843,-1.1465993217019843,0.8968985741175945,0.8144626323753332,7.661200288048933,-0.34847337773175546,3.209424204653323,-0.10559458229543672,2.686182181717096,6.275080590945093,6.07251169104531,4.4161646963045955
P001Z14,1.3678076111941921,5.945385655119015,0.07288026473417375,3.663449807376315,3.124309912547301,-1.512934962387849,4.293321172102745,3.3379501972915913,3.3678708881373343,3.452609470960973,0.3080101501482968,0.7957281260140485,1.2109006146442693,-1.512934962387849,2.402842903244033,5.238540192066493,2.2347216306781386,5.796789191903469,1.5648738215066818,0.9167574368027243,1.2109006146442693,1.3678076111941921,0.6580074061242662,1.9944402835624357,1.5648738215066818,3.004601657346776,-1.512934962387849,1.5648738215066818,1.9136618477363534,-0.23510393847769961,0.6580074061242662,2.2647787031151694,4.350096002910988,0.7957281260140485,-1.512934962387849,3.6779667427252063,3.579605593752266,1.5034012670683854,1.9136618477363534,2.8356769552290757,2.6724862680830332,3.603178147622864,6.911282167890157,0.7957281260140485,2.069178449306129,1.6227853501108838,3.264443694315779,1.6775259304762242,-0.6824533151279422,0.6580074061242662,-1.512934962387849,2.7483195776250025,7.1901341377275525,-1.512934962387849,2.6525940389956704,-1.512934962387849,1.9136618477363534,5.645632098424997,6.106996644116315,5.55612436511233
P001Z18,4.143997650777108,5.634243266006143,2.9476213762973,3.197060636271795,2.785119711244448,-0.7374498633782931,3.6654110587663586,2.9308159161613085,2.287355535278949,2.9308159161613085,-0.45074287447073225,0.24093989572840613,2.254572023638609,-1.1409676521368688,-1.1409676521368688,5.121338970866843,3.9712079413078207,5.838363585698787,5.036308524547001,0.7999274221449006,0.358560086662683,-0.22818482998693845,-1.1409676521368688,0.7258839052409769,2.2032890263741045,4.507441567782575,-1.1409676521368688,-1.1409676521368688,1.5616204701854688,-1.1409676521368688,1.6568950842716017,2.422877026613989,5.809253709494944,1.379377153518102,0.10761783592475815,3.558247623165774,3.0579592120889476,-1.1409676521368688,-1.1409676521368688,2.7948747687566033,0.8688644290576537,5.750889849544668,6.520807813988651,-1.1409676521368688,0.10761783592475815,-1.1409676521368688,6.096696147493112,1.1563509509171261,0.358560086662683,0.4637903074513776,-1.1409676521368688,2.2032890263741045,7.952309075348763,-1.1409676521368688,2.626074860432687,-1.1409676521368688,1.6568950842716017,6.2571573010984896,6.162395271692567,4.278154855136874
P002Z18,2.350094674347635,3.820098088018944,-1.238501521695735,6.664076914763244,-1.238501521695735,2.943588586574193,6.037686703840407,-1.238501521695735,-1.238501521695735,-1.238501521695735,-1.238501521695735,-1.238501521695735,3.782124420609012,-1.238501521695735,-1.238501521695735,4.154753116804225,-1.238501521695735,4.18968762605238,0.9383501668812917,3.990944506742612,4.564618129074994,-1.238501521695735,3.2047244592498725,-1.238501521695735,-1.238501521695735,-1.238501521695735,-1.238501521695735,3.820098088018944,5.262145939413696,-1.238501521695735,-1.238501521695735,-1.238501521695735,5.335726916944565,3.8446357019638304,-1.238501521695735,-1.238501521695735,5.716784922651252,-1.238501521695735,-1.238501521695735,5.321990875239466,2.709279368363431,4.1982338387815314,4.1982338387815314,4.3981126438222615,4.9471862791491095,-1.238501521695735,5.788692199197271,-1.238501521695735,-1.238501521695735,-1.238501521695735,3.4836835166645814,5.517360852537508,6.83079605335821,-1.238501521695735,-1.238501521695735,-1.238501521695735,-1.238501521695735,7.214300386143203,3.88034884866401,-1.238501521695735
P003Z10,-1.1976588432744695,6.070222724056288,1.8320334619195462,3.4345050768789713,4.338491399989232,1.4504462477224012,2.5405495751702087,3.0015893871721575,3.3159419415097267,3.4503509035372852,0.2567171741173251,1.022036600279038,0.5811363322362464,-0.2265370196980392,-1.1976588432744695,4.448620688716377,3.3159419415097267,5.372037078435947,4.021514704570488,1.7494061433308374,5.283059502321614,1.1860851867034912,-1.1976588432744695,1.1860851867034912,-1.1976588432744695,3.297795725366818,-1.1976588432744695,-1.1976588432744695,0.825691294730138,-1.1976588432744695,1.560333166762339,2.323337572065487,4.395071336353505,1.1860851867034912,0.5811363322362464,3.0955343760475307,4.883374076179368,-1.1976588432744695,-1.1976588432744695,2.323337572065487,0.5811363322362464,5.032900903021265,7.715980330496498,1.9792558382590997,-0.2265370196980392,0.5811363322362464,5.003401149532202,3.8785633380625253,-1.1976588432744695,-1.1976588432744695,-1.1976588432744695,1.022036600279038,6.645925497191778,2.221257221504219,2.5007186185243873,1.022036600279038,3.5688159611373047,6.605200299978076,6.362869100240254,6.10840346804539
P003Z15,-1.002035165104516,3.6992370800577445,-0.3453438982679309,0.642346135132728,4.674902787363241,-1.002035165104516,0.44474362137170864,3.5783680868076697,4.1789639707108694,4.10869408068993,0.04766779365747098,-1.002035165104516,-0.3453438982679309,-1.002035165104516,3.499179244638783,7.626778009106275,2.1254894755983225,4.263982380472,2.8068261741480445,-1.002035165104516,7.024920003834946,-1.002035165104516,-1.002035165104516,-1.002035165104516,0.8072705659618702,2.753990051017211,-1.002035165104516,-0.6207257364290655,-1.002035165104516,-1.002035165104516,2.293625153998992,-1.002035165104516,2.1847318470177495,-1.002035165104516,-1.002035165104516,5.168960420589919,1.7010707015115258,-1.002035165104516,4.133581012717494,-0.3453438982679309,-0.6207257364290655,3.8070595234214855,6.717704403126749,-0.3453438982679309,-1.002035165104516,-0.6207257364290655,3.1732698824960437,4.549772331369933,-1.002035165104516,-1.002035165104516,-1.002035165104516,-0.3453438982679309,5.2382665332862075,4.0451171913706085,4.111490078994653,-1.002035165104516,6.138234685501153,7.637268204173949,3.88705731428964,3.784083584298412
P004Z17,-1.1349189897138725,4.602024145960979,-1.1349189897138725,4.071078375211157,3.908423334977985,-0.3738114833230597,5.240602951985567,1.9607466334099914,2.534054409821258,-1.1349189897138725,-1.1349189897138725,-1.1349189897138725,1.6964714949466817,0.3516588594217165,-1.1349189897138725,-0.6836377587117273,-1.1349189897138725,5.401700134101822,3.4140294224238863,-0.6836377587117273,-1.1349189897138725,-0.1376130273795706,-0.6836377587117273,1.9077588678810127,1.7295286488240729,3.824002326290657,-1.1349189897138725,-1.1349189897138725,1.5124908885958153,0.4729697041524492,2.393754297259986,3.35820214814048,6.307143237363869,0.05331806674446682,0.7676702765484791,4.019744488332431,2.7893899808396805,1.2349030122669138,-1.1349189897138725,3.517122926291795,3.472610159364314,5.035445057251834,7.237159980960613,1.4712537012600269,0.8493256664866333,-1.1349189897138725,3.976003784498844,1.8518055272610914,-0.6836377587117273,-1.1349189897138725,1.0605840854141082,1.9607466334099914,6.809003808868679,-1.1349189897138725,-1.1349189897138725,-1.1349189897138725,-1.1349189897138725,5.085440740815949,5.676747815023155,5.973841817426818
P005Z08,-1.2337491860159489,6.476867571105743,-1.2337491860159489,5.652027021724476,4.398792292561269,-1.2337491860159489,5.6459542086940075,3.687867044230498,4.151521018291663,-1.2337491860159489,3.1229121812762832,1.3192509356805022,-1.2337491860159489,-1.2337491860159489,3.6132127846860937,4.480189541676394,-1.2337491860159489,5.641885081048551,-1.2337491860159489,0.7010699955047102,-1.2337491860159489,-1.2337491860159489,3.597589057990988,-1.2337491860159489,3.1722969856430474,4.370117832523332,0.3653409959711791,3.973725619297092,4.026365739527303,-1.2337491860159489,3.8832751797336194,3.702151671359781,-1.2337491860159489,3.9295227113461992,1.462218204698675,4.74229342070051,4.238150355508886,-1.2337491860159489,3.8096281653089648,5.34773062568494,-1.2337491860159489,-1.2337491860159489,6.804325697032583,3.1722969856430474,4.195773473976344,-1.2337491860159489,5.8458838853027455,3.702151671359781,0.9519712754781189,1.1523789694786206,-1.2337491860159489,5.762720041733529,6.338587032472344,-1.2337491860159489,-1.2337491860159489,-1.2337491860159489,-1.2337491860159489,6.925467466851834,6.094791634000317,4.133256757533292
P007Z08,0.22498139933420802,5.349518244352602,-1.3418780093080631,3.9723983079684064,3.8536751241465996,0.22498139933420802,4.291771113267789,3.137799830863403,3.7027770842695027,2.5759379848588795,0.6486358103532961,1.7987130900403194,0.3488643711110253,0.3488643711110253,2.9139081539167435,5.735285549518165,2.6486246277494745,4.416912337741163,2.16152684215114,0.6486358103532961,2.1988568270447324,-0.5248072543369169,0.45907818586198523,2.102781374907151,-1.3418780093080631,3.024112115102496,1.4410511053132726,0.6486358103532961,1.0660458765367338,1.0660458765367338,1.4793957515234588,1.877530299936045,4.108808772441056,0.6486358103532961,-1.3418780093080631,2.3975854361570503,3.2717050765219273,1.7709970157223234,3.2779518775824945,3.4063462075522537,2.7272439831059696,5.344799705568221,7.928729726588849,1.90248016554329,0.8079232390362874,0.22498139933420802,3.0863490828477875,4.280409483821197,-1.3418780093080631,0.9452899511506567,1.4410511053132726,1.551937406928234,6.185507281167489,1.17377835691401,1.7709970157223234,1.9268226584752917,4.672390456035605,5.803332609375474,5.399257570296698,6.0085161786299395
P008Z08,-0.8818086549408317,5.375219511950099,-0.8818086549408317,3.4973071257368114,2.81661845334785,-0.8818086549408317,3.7078219796180383,1.9526099876684802,1.517250850597554,1.734338059094961,-0.37047060177107305,-0.8818086549408317,0.4184058237895947,-0.8818086549408317,2.5955310353434866,3.5853653351986026,1.9910791094650007,4.371738654258994,1.517250850597554,0.5855136220617219,8.916616928818758,-0.37047060177107305,0.4184058237895947,-0.03377883290653827,-0.03377883290653827,3.979274410235859,-0.8818086549408317,-0.8818086549408317,0.8538471161031165,-0.37047060177107305,1.7819704638832254,1.0651992357719209,3.2835299339268946,-0.03377883290653827,-0.03377883290653827,2.574696115138577,2.3646151976467387,-0.8818086549408317,1.912601580161156,3.0112661067362714,-0.03377883290653827,-0.8818086549408317,6.250103030543741,0.9650965289676119,1.631673780671985,-0.8818086549408317,2.4867236258485113,1.8274368065603408,-0.8818086549408317,-0.03377883290653827,-0.37047060177107305,1.631673780671985,5.105082841803737,-0.8818086549408317,3.2303248108101448,0.7286538538487068,2.283485439021101,4.995334957434144,5.22202765816502,4.7696146844488965
P008Z17,0.3913892091089153,4.906826847900737,-0.8597551594647506,3.289053709353295,3.719561622067017,0.11965796194906098,3.1633702803088006,3.069848195073636,2.4277075304287923,-0.25464907085566857,-0.8597551594647506,-0.8597551594647506,0.11965796194906098,0.11965796194906098,-0.8597551594647506,2.363588602551281,0.6048386931379515,4.1043289156993605,0.11965796194906098,0.7806449333051386,8.828540654707494,-0.8597551594647506,-0.8597551594647506,-0.8597551594647506,1.2783111760280095,2.4879617766259248,-0.8597551594647506,-0.8597551594647506,2.6244027237139322,-0.25464907085566857,2.009786136510667,0.9301156882992085,2.4879617766259248,-0.8597551594647506,0.3913892091089153,2.363588602551281,1.8572277196257874,-0.8597551594647506,0.9301156882992085,2.3961618830912093,1.6771310802171815,-0.8597551594647506,6.180557554275209,1.3718134024570574,1.60909023145207,0.7806449333051386,4.385890880389629,1.60909023145207,0.7806449333051386,-0.8597551594647506,-0.8597551594647506,2.4277075304287923,7.151046114253319,-0.8597551594647506,1.1751559513866576,-0.8597551594647506,1.457315650694202,4.904220662159786,4.591169862254581,4.724610814832907
P021Z12,-0.5092407827116556,1.2555077736480378,-0.5092407827116556,3.287616760813637,1.2555077736480378,0.4513989920412502,2.838107564017661,-0.5092407827116556,0.08225231196939653,-0.5092407827116556,-0.5092407827116556,-0.5092407827116556,0.9321892365637705,1.1068588439029003,-0.5092407827116556,0.08225231196939653,-0.5092407827116556,1.60220263936076,0.4513989920412502,-0.5092407827116556,9.484856032590404,-0.5092407827116556,0.4513989920412502,-0.5092407827116556,-0.5092407827116556,0.08225231196939653,-0.5092407827116556,0.08225231196939653,0.4513989920412502,0.9321892365637705,1.384892897992831,-0.5092407827116556,-0.5092407827116556,0.9321892365637705,1.2555077736480378,-0.5092407827116556,2.616662663433483,0.7204149314778387,-0.5092407827116556,2.4217954618632307,-0.5092407827116556,-0.5092407827116556,3.5278487622975288,1.6953829672746759,1.384892897992831,0.7204149314778387,0.4513989920412502,0.4513989920412502,-0.5092407827116556,0.7204149314778387,1.384892897992831,2.651461318209585,3.484198894652076,-0.5092407827116556,-0.5092407827116556,1.384892897992831,1.499439130672327,4.098148201805914,3.131169328713013,1.1068588439029003
P022Z12,-0.2799197534757649,2.2494754115100823,-0.2799197534757649,1.5251183100771861,-0.2799197534757649,-0.2799197534757649,2.1730009553861436,-0.2799197534757649,-0.2799197534757649,-0.2799197534757649,-0.2799197534757649,0.5894931324526329,-0.2799197534757649,-0.2799197534757649,-0.2799197534757649,1.1629572781346074,-0.2799197534757649,1.4461211658423139,-0.2799197534757649,-0.2799197534757649,9.729927497649632,-0.2799197534757649,-0.2799197534757649,-0.2799197534757649,-0.2799197534757649,-0.2799197534757649,-0.2799197534757649,-0.2799197534757649,0.9167816158715976,0.09977385420208762,0.5894931324526329,-0.2799197534757649,-0.2799197534757649,-0.2799197534757649,-0.2799197534757649,-0.2799197534757649,2.132452560922581,-0.2799197534757649,-0.2799197534757649,1.047425702591882,-0.2799197534757649,0.09977385420208762,0.09977385420208762,0.5894931324526329,1.3603440469706118,-0.2799197534757649,0.3743167561688452,-0.2799197534757649,-0.2799197534757649,-0.2799197534757649,1.047425702591882,1.5251183100771861,3.0108245755587966,-0.2799197534757649,-0.2799197534757649,-0.2799197534757649,0.09977385420208762,3.380318511568894,-0.2799197534757649,-0.2799197534757649
P022Z13,-0.3534022786134692,1.7285412960704303,-0.3534022786134692,3.696612374576044,-0.3534022786134692,-0.3534022786134692,4.362010484579525,0.3745586888166006,-0.3534022786134692,-0.3534022786134692,-0.3534022786134692,0.31538561405083065,-0.3534022786134692,-0.3534022786134692,-0.3534022786134692,-0.3534022786134692,-0.3534022786134692,2.2834546955428383,-0.3534022786134692,0.43042506740057895,9.644774425782424,-0.3534022786134692,-0.3534022786134692,-0.3534022786134692,-0.3534022786134692,-0.3534022786134692,-0.3534022786134692,-0.3534022786134692,1.6021995137166236,-0.3534022786134692,-0.3534022786134692,-0.3534022786134692,-0.3534022786134692,-0.3534022786134692,0.31538561405083065,0.7125972897216766,0.2524896364749978,-0.3534022786134692,-0.3534022786134692,3.4721228375972464,-0.3534022786134692,0.5335852846780398,2.7403693551788324,-0.3534022786134692,1.5142764174837282,-0.3534022786134692,0.9324202997714259,-0.3534022786134692,1.892384536493113,-0.3534022786134692,-0.3534022786134692,2.5377845044615563,2.724056179677901,-0.3534022786134692,0.5335852846780398,1.0265202710696375,-0.3534022786134692,3.7392234219514435,1.8406964556787644,2.4552092253980415
P022Z17,-0.1479257148841171,1.485341198220178,-0.46910260790221336,2.91210322733333,1.8792907088231647,-0.46910260790221336,3.1715694735343734,0.924662677187694,-0.46910260790221336,-0.46910260790221336,-0.46910260790221336,0.2899485758309801,-0.46910260790221336,-0.1479257148841171,0.924662677187694,3.6576875489756757,0.4531693216534016,1.7643990284794286,0.2899485758309801,0.5934496814468488,9.511378504275829,-0.46910260790221336,-0.46910260790221336,-0.46910260790221336,0.09478911145199476,1.9148307136501774,-0.46910260790221336,0.2899485758309801,0.716450603367095,0.924662677187694,-0.46910260790221336,0.2899485758309801,0.2899485758309801,-0.46910260790221336,0.2899485758309801,-0.1479257148841171,1.0969045987714114,-0.46910260790221336,1.6345728508195663,2.075740816579424,-0.46910260790221336,0.716450603367095,5.091827546557419,1.5375989602267968,-0.46910260790221336,-0.46910260790221336,0.2899485758309801,0.09478911145199476,-0.1479257148841171,-0.46910260790221336,0.4531693216534016,1.9823321059556296,4.14591745761089,-0.46910260790221336,-0.46910260790221336,-0.46910260790221336,1.9491508564492683,3.1715694735331983,3.974517332268089,3.881270665795797
P029Z13,-0.698422854153991,3.30633048580417,-0.698422854153991,2.355430168820866,2.631247937828806,-0.698422854153991,2.631247937828806,2.083351330456871,0.7754572049375899,0.7754572049375899,-0.698422854153991,-0.698422854153991,0.28853940559554303,-0.698422854153991,1.1015056271599253,3.064561486119991,0.28853940559554303,3.9747191196667417,1.849576055796427,-0.698422854153991,9.226837030583953,-0.698422854153991,-0.698422854153991,-0.698422854153991,0.7754572049375899,1.849576055796427,-0.698422854153991,-0.698422854153991,1.1015056271599253,0.7754572049375899,-0.698422854153991,0.7754572049375899,2.847204748194118,-0.698422854153991,-0.698422854153991,1.849576055796427,2.2726984211808565,-0.698422854153991,2.083351330456871,1.7083807697497946,1.7083807697497946,2.5690935650365336,5.868609873036459,2.2726984211808565,0.7754572049375899,-0.698422854153991,1.3469817503127128,1.3469817503127128,-0.698422854153991,-0.698422854153991,1.5439193346780042,1.7083807697497946,4.760936903396214,0.28853940559554303,1.849576055796427,-0.698422854153991,0.7754572049375899,4.294911841879462,4.5459873829992254,4.107081971273219
P033Z12,0.8417062834257134,0.8417062834257134,-0.415110542845488,3.3241185549309096,-0.415110542845488,0.5692667335333326,3.5701362195879867,0.8417062834257134,0.19360688912734325,1.231692933596639,-0.415110542845488,0.19360688912734325,-0.415110542845488,-0.415110542845488,-0.415110542845488,1.7299609437569847,-0.415110542845488,2.12908761056298,1.0555915393105302,0.19360688912734325,9.580462232178016,-0.415110542845488,-0.415110542845488,-0.415110542845488,-0.415110542845488,-0.415110542845488,-0.415110542845488,-0.415110542845488,1.0555915393105302,-0.415110542845488,-0.415110542845488,-0.415110542845488,3.5384846096712543,0.5692667335333326,0.19360688912734325,-0.415110542845488,2.711206178349273,-0.415110542845488,-0.415110542845488,3.1265122519477524,-0.415110542845488,1.823546438303743,1.231692933596639,-0.415110542845488,2.3092873940763834,-0.415110542845488,1.0555915393105302,0.5692667335333326,0.8417062834257134,-0.415110542845488,-0.415110542845488,1.7299609437569847,3.02436504392516,-0.415110542845488,-0.415110542845488,0.8417062834257134,-0.415110542845488,4.146130586853425,3.4890456227302336,-0.415110542845488
P045Z10A,-0.6687376490040879,2.817058078667607,-0.6687376490040879,4.092202494120142,3.0882931995887066,0.5131734910851105,4.414032272584848,1.5801564279836144,-0.6687376490040879,-0.6687376490040879,-0.6687376490040879,0.08752509895518479,-0.6687376490040879,-0.6687376490040879,2.234718841740131,2.5950798709577647,-0.6687376490040879,2.9314320460408707,0.5962854783086744,-0.6687376490040879,9.25136581331642,-0.054782554242720494,-0.054782554242720494,-0.6687376490040879,-0.6687376490040879,-0.6687376490040879,-0.41986790090460246,-0.6687376490040879,1.5498867507322034,1.4187184537428736,0.5962854783086744,1.7697125584900455,-0.6687376490040879,1.039857475688832,-0.054782554242720494,1.6095367077381262,1.137310804458945,-0.6687376490040879,0.9318713028252752,3.343210202398554,0.2120812597139743,-0.6687376490040879,4.32615034804582,0.08752509895518479,2.137142163948811,-0.6687376490040879,2.516422003327084,-0.6687376490040879,1.0897708145111586,-0.2207560284978829,-0.6687376490040879,1.9498161551901472,5.884890739307563,-0.6687376490040879,1.3076530986635948,0.5131734910851105,1.638078366959573,4.529760776177534,4.89132327924425,4.055256017175626
P047Z15,-0.46783614321532596,2.585945290179981,-0.46783614321532596,2.080093510998961,2.41301552768211,-0.46783614321532596,2.3138675602141854,1.577503044226722,1.3320296246877898,-0.46783614321532596,-0.46783614321532596,1.577503044226722,1.0059859904630475,-0.46783614321532596,1.0059859904630475,-0.46783614321532596,-0.46783614321532596,2.080093510998961,-0.46783614321532596,-0.46783614321532596,9.51711751543332,-0.46783614321532596,1.9388991164302691,-0.46783614321532596,-0.46783614321532596,1.7744388915553486,0.519078985984363,-0.46783614321532596,1.577503044226722,-0.46783614321532596,-0.46783614321532596,-0.46783614321532596,-0.46783614321532596,-0.46783614321532596,-0.46783614321532596,1.577503044226722,2.7996080044662772,-0.46783614321532596,-0.46783614321532596,2.3138675602141854,-0.46783614321532596,1.7744388915553486,4.8615888681699095,1.0059859904630475,-0.46783614321532596,-0.46783614321532596,0.519078985984363,-0.46783614321532596,-0.46783614321532596,-0.46783614321532596,0.519078985984363,2.3138675602141854,3.8724896203568964,-0.46783614321532596,-0.46783614321532596,-0.46783614321532596,-0.46783614321532596,4.378088696659884,2.975558695298133,3.2137099509827642
P052Z10,-0.7319739042499496,2.8276083361269446,-0.7319739042499496,1.9911977899750477,1.523218447013516,1.3616507067799963,2.5493651462036997,3.2504259263701796,-0.7319739042499496,2.6014526246304426,-0.7319739042499496,-0.7319739042499496,0.1529725283741321,-0.7319739042499496,0.1529725283741321,4.70645139233122,2.3745310690170136,3.56620341299936,3.0450454953559456,0.1529725283741321,9.118141224124383,-0.7319739042499496,-0.7319739042499496,-0.7319739042499496,-0.7319739042499496,2.6981330930232668,0.1529725283741321,-0.7319739042499496,1.523218447013516,-0.7319739042499496,0.6149841300952943,1.7843374818581603,4.96160252285213,-0.7319739042499496,0.1529725283741321,2.238292336313716,1.5232184470144556,-0.7319739042499496,2.8672916542871656,2.4944147578396674,1.7843374818581603,3.1382725234289763,3.8791765854532505,0.1529725283741321,-0.7319739042499496,-0.7319739042499496,2.977686347060277,-0.7319739042499496,-0.7319739042499496,-0.7319739042499496,1.3616507067799963,1.523218447013516,6.704668514255108,-0.7319739042499496,2.0805204301101057,-0.7319739042499496,1.168851966578556,5.214297215208711,2.977686347060277,3.726681264002215
P058Z14,3.183739354676047,2.692234573113879,-0.0942434422242755,2.2899843668967916,-0.688012746497705,-0.688012746497705,2.771781761848506,1.4279064770433507,0.5452478769307518,1.684994680486306,-0.0942434422242755,0.7573059241345241,-0.688012746497705,-0.688012746497705,0.7573059241345241,3.777261941304759,-0.688012746497705,4.4832267701281205,3.6265764164215195,0.27577285614320957,9.097511279151597,-0.688012746497705,-0.688012746497705,0.27577285614320957,0.5452478769307518,2.005506893856057,-0.0942434422242755,-0.688012746497705,1.6064203397736616,-0.688012746497705,-0.688012746497705,0.5452478769307518,5.548344801754825,-0.688012746497705,-0.688012746497705,-0.0942434422242755,2.005506893854238,-0.688012746497705,0.5452478769307518,1.757842334021972,1.4279064770433507,4.009256448538525,4.274063615967726,0.932168279464376,-0.688012746497705,-0.688012746497705,3.6585848337828306,-0.0942434422242755,-0.688012746497705,-0.688012746497705,1.5211415303594524,2.1095868018197006,6.2172138013242755,-0.688012746497705,-0.0942434422242755,-0.0942434422242755,1.6064203397736616,6.900873458239907,4.334610347304333,3.53584555934506
P060Z15,-0.847988685208156,5.237560441994833,3.4352292196066756,2.5486720258585427,0.7858409760656677,-0.847988685208156,2.452107096246496,2.4000866475055336,3.017624397667092,2.2871479723607946,-0.847988685208156,-0.847988685208156,0.7858409760656677,0.016792350649421195,0.7858409760656677,4.01048334420889,-0.847988685208156,4.4518299775898535,4.288173159410422,0.7858409760656677,8.925706640677285,-0.847988685208156,1.0234971965933521,1.514882404008155,1.6365753070365194,5.121623971171919,-0.847988685208156,-0.847988685208156,0.4734930381317888,-0.847988685208156,1.514882404008155,2.4000866475055336,3.7289263277972156,0.016792350649421195,-0.847988685208156,2.452107096246496,1.0234971965912827,0.016792350649421195,1.514882404008155,1.932031549753252,-0.847988685208156,2.678009021880979,5.530912854955334,-0.847988685208156,0.016792350649421195,-0.847988685208156,5.085871091658431,1.8429059312684952,0.016792350649421195,1.2153781616484611,0.4734930381317888,2.0138597462376255,6.016485668986093,0.7858409760656677,-0.847988685208156,-0.847988685208156,-0.847988685208156,4.633319104818789,5.779514013971498,2.9272764516291714
P061Z10,-0.5705932479469258,2.6413591603265454,-0.5705932479469258,4.133174183951478,-0.5705932479469258,0.07987750286464212,4.163167691736586,0.8293104049695774,-0.5705932479469258,-0.5705932479469258,-0.5705932479469258,1.834627006155614,-0.5705932479469258,-0.5705932479469258,-0.5705932479469258,2.120422131317399,1.8066715537689992,3.903973637490524,2.120422131317399,0.6659960354248753,9.396774423136248,-0.3040217479371137,1.4329251443934226,-0.5705932479469258,-0.5705932479469258,-0.5705932479469258,-0.3040217479371137,0.6659960354248753,1.202271305775204,1.1489922093393847,-0.5705932479469258,-0.5705932479469258,0.9696598748932352,-0.5705932479469258,0.22778010946447935,1.2528547563418204,2.0994892720043685,0.7509834696148356,1.3010022463940967,3.9969794216358894,-0.3040217479371137,0.07987750286464212,2.237575392477021,0.5731091921788831,1.4732962963944258,1.3908553457616275,2.056261284590934,-0.5705932479469258,-0.3040217479371137,-0.5705932479469258,2.2558328945324746,2.90955503246324,4.866638810838779,-0.5705932479469258,-0.5705932479469258,-0.5705932479469258,0.35659969407179304,4.667229722563529,2.2737630282050985,1.2528547563418204
P062Z14,-0.339500493061589,1.9390385681506297,-0.339500493061589,3.0806208950096243,-0.339500493061589,-0.339500493061589,2.691377728970351,-0.339500493061589,0.8207090976454161,-0.339500493061589,-0.339500493061589,-0.339500493061589,0.8207090976454161,-0.339500493061589,-0.339500493061589,1.6849310901494459,0.4001967078844615,1.115830746204038,0.4001967078844615,-0.339500493061589,9.661987530808673,-0.339500493061589,-0.339500493061589,-0.339500493061589,-0.339500493061589,0.4001967078844615,-0.339500493061589,-0.339500493061589,-0.339500493061589,-0.339500493061589,-0.339500493061589,-0.339500493061589,1.8200345330338834,-0.339500493061589,1.115830746204038,1.115830746204038,1.6849310901500374,1.3434116205986246,0.4001967078844615,2.2291581760868695,-0.339500493061589,-0.339500493061589,2.7918992329839734,0.4001967078844615,1.115830746204038,-0.339500493061589,-0.339500493061589,-0.339500493061589,-0.339500493061589,-0.339500493061589,-0.339500493061589,1.3434116205986246,3.245396129978708,-0.339500493061589,-0.339500493061589,-0.339500493061589,-0.339500493061589,4.2831921600992215,2.0453748111088306,-0.339500493061589
P066Z10,-1.0613674361711443,6.179891707240895,1.6460996259606606,1.8558122743572163,4.16226325281854,-1.0613674361711443,1.744767238635081,5.039821762591844,2.1613430700712337,3.728740194195127,0.01814015634226429,-1.0613674361711443,0.35185310984055285,-0.733038275187825,2.3447660391162417,5.352105059802398,4.430614423646378,5.253768658108525,4.386422662059921,-1.0613674361711443,8.209380571643694,-1.0613674361711443,-1.0613674361711443,1.4458496063627617,-1.0613674361711443,2.5215440584763256,-1.0613674361711443,-1.0613674361711443,0.5251006483795155,-1.0613674361711443,2.8881945624661274,3.1268298734043762,-1.0613674361711443,-0.2885139327655324,-1.0613674361711443,4.295382834181897,0.8013231703273291,-1.0613674361711443,3.5716634908659817,1.0649903385143134,2.250194291371974,4.172678428899635,4.971361897270678,0.35185310984055285,0.35185310984055285,0.2524965169083764,6.251857994050759,1.6198328080921325,-0.2885139327655324,-1.0613674361711443,-0.733038275187825,0.4422240350808426,6.4717018031330005,0.5251006483795155,2.113770193012514,-0.48627659532041356,3.630380218166956,6.574947752489327,5.870402058410484,1.9557495095179656
P080Z15,-0.7556358284812408,5.432854644015816,-0.7556358284812408,2.4412833106537084,3.6492770558824725,0.15955809428405132,2.263049655311667,3.038065807386263,3.6056574286068024,0.15955809428405132,-0.7556358284812408,-0.7556358284812408,0.947616316521863,-0.7556358284812408,-0.3507799102435527,2.739098512735058,-0.7556358284812408,5.357327295559228,3.9200433614396086,-0.3507799102435527,8.273031451594877,-0.7556358284812408,-0.3507799102435527,-0.06340257195066457,-0.3507799102435527,0.7470195475479482,-0.7556358284812408,-0.7556358284812408,-0.3507799102435527,-0.7556358284812408,2.7979358434791575,2.3561321425468087,4.667493568138946,-0.06340257195066457,-0.3507799102435527,1.4940199366598303,1.4399634171133258,-0.06340257195066457,-0.7556358284812408,0.8523394043135557,-0.7556358284812408,1.1887070819060277,7.206344077312549,0.6292873331822122,0.15955809428405132,-0.7556358284812408,6.898873519694195,1.1146192181069043,-0.7556358284812408,-0.7556358284812408,0.15955809428405132,1.2576825258252473,7.799430397528726,-0.06340257195066457,-0.7556358284812408,0.15955809428405132,-0.7556358284812408,5.607289394640704,6.600092855667764,3.4620701092694235
P107Z15,1.0769059978842677,0.5279660632258363,0.5279660632258363,3.0981612062230823,1.2685333960610743,-0.7866278469589769,3.4287440878119346,0.5279660632258363,0.8396392693398624,1.2685333960610743,0.8396392693398624,1.6893183472149076,0.07271970391180815,1.2685333960610743,0.07271970391180815,3.5061006041445575,2.947430033833953,2.5538419503191463,2.0663553818364404,0.8396392693398624,9.169721365357173,-0.7866278469589769,0.07271970391180815,0.8396392693398624,0.8396392693398624,1.6893183472149076,-0.7866278469589769,1.2685333960610743,0.07271970391180815,-0.7866278469589769,0.07271970391180815,-0.7866278469589769,2.3975542101242446,0.5279660632258363,-0.7866278469589769,0.07271970391180815,2.397554210123781,-0.7866278469589769,0.5279660632258363,2.7698762278385294,-0.7866278469589769,4.124557695779051,4.298936077563581,0.8396392693398624,0.07271970391180815,0.07271970391180815,0.8396392693398624,1.6893183472149076,-0.7866278469589769,-0.7866278469589769,1.9845732191137726,2.141951911032395,4.315640100599426,-0.7866278469589769,-0.7866278469589769,-0.7866278469589769,0.07271970391180815,4.608002451314657,3.1526195120730813,2.4524093008651677
P121Z15,-0.9025020854080914,4.854354700856419,0.19474302715707204,2.391359370170518,3.8228524406039766,-0.9025020854080914,1.803633545352577,3.102816971057667,2.987308655714341,1.92878058393908,0.19474302715707204,-0.9025020854080914,1.0416499222375109,0.19474302715707204,2.0399935048917595,3.385934020726025,1.2928991747705814,4.15170533419435,2.391359370170518,-0.9025020854080914,8.847355131419466,-0.9025020854080914,-0.9025020854080914,0.7052949912588211,1.4935283925450227,1.92878058393908,-0.9025020854080914,-0.9025020854080914,-0.9025020854080914,-0.9025020854080914,1.2928991747705814,2.31440441321267,2.31440441321267,-0.9025020854080914,-0.9025020854080914,3.1730186984559916,1.2928991747705814,-0.9025020854080914,2.1400666709170935,1.2928991747705814,-0.9025020854080914,3.2698653116629366,6.219120888834177,0.7052949912588211,-0.9025020854080914,-0.9025020854080914,4.358147277973361,1.0416499222375109,-0.9025020854080914,0.19474302715707204,1.0416499222375109,1.92878058393908,6.321656952465162,0.19474302715707204,1.0416499222375109,-0.9025020854080914,2.9021545725097857,4.815764958464313,5.676088434365397,4.176863568864237
