Sample_ID,Actinobacillus,Actinomyces,Aggregatibacter,Alkalibacterium,Atopobium,Bacillus,Bacteroides,Bulleidia,Campylobacter,Capnocytophaga,Catonella,Chryseobacterium,Corynebacterium,Defluvibacter,Dialister,Fusobacterium,Gemella,Granulicatella,Haemophilus,Halomonas,Herbaspirillum,Janthinobacterium,Kingella,Lautropia,Leptotrichia,Luteibacter,Marinilactibacillus,Microbacterium,Micrococcus,Mogibacterium,Moryella,Neisseria,Nesterenkonia,Ochrobactrum,Oribacterium,Other,Paracoccus,Parvimonas,Pedobacter,Peptostreptococcus,Porphyromonas,Prevotella,Propionibacterium,Pseudomonas,Psychrobacter,Rothia,Selenomonas,Shewanella,Sphingomonas,Staphylococcus,Stenotrophomonas,Streptococcus,TG5,Tannerella,Thiobacillus,Treponema,Unclassified,Veillonella,[Prevotella]
P001Z12,1.1323656128567654,5.663217002932334,-1.3340032494267433,5.121550878080939,3.4038233073904305,2.5039058609729565,5.5397233581879135,3.423850846171047,-1.3340032494267433,-1.3340032494267433,-1.3340032494267433,3.2192047593858915,1.782139340138305,0.914092118339676,-1.3340032494267433,4.213633722076084,0.3922975877556443,6.083059080275861,3.1168125144528,2.2178739254336852,1.8796230169337251,0.6344744696644025,-1.3340032494267433,-1.3340032494267433,3.5421487347944804,-0.7630400159218222,-1.3340032494267433,2.598765530458789,-1.3340032494267433,-1.3340032494267433,-1.3340032494267433,4.5579626182108886,2.380507365883603,0.8292865872720885,-1.3340032494267433,4.324291110508366,1.1956829048980282,-1.3340032494267433,4.0823708828212,-1.3340032494267433,4.698565831689233,6.7133600031422445,1.1956829048980282,-0.7630400159218222,-1.3340032494267433,5.935770994058149,0.24494568815662277,2.685401327082354,0.24494568815662277,2.67147328285011,3.2589560159259703,7.026021334549545,-1.3340032494267433,-1.3340032494267433,2.2397094500319668,-1.3340032494267433,6.577125646930806,6.375783394857372,5.463609485434752
P001Z13,-0.341156430347052,6.443372390929499,0.40080371485922583,2.166448225089045,3.9906062210130617,-1.139717329700483,2.0968730259094324,4.509157661392501,3.7461223897496083,4.689814810400219,2.5052463873263227,-1.139717329700483,0.40080371485922583,-1.139717329700483,2.0220927155522643,6.483912681488366,2.782350822077376,5.11271118024384,5.115062362696581,-1.139717329700483,-1.139717329700483,0.6334303120477891,-0.6627565654888681,0.5238662076350327,5.257123692809924,-0.341156430347052,-1.139717329700483,-0.6627565654888681,-1.139717329700483,1.9412650415439545,2.959341304571902,5.994783115906183,0.0971139461229793,-1.139717329700483,3.342124577284962,2.0725623428639155,-1.139717329700483,3.77792356444526,1.0514011940908716,3.217086987778738,6.004961882220957,6.405651639146736,0.40080371485922583,-0.6627565654888681,-1.139717329700483,5.164320077252489,2.2925697573964214,-1.139717329700483,-1.139717329700483,0.904469050630957,0.8220243049801574,7.66887309610181,-0.341156430347052,3.217086987778738,-0.09820086324144484,2.6938379914551946,6.282753044339657,6.080184038251592,4.423834588073177
P001Z14,1.374947923023484,5.9525708816205345,0.07990027333756622,3.670630930734034,3.1314877707395574,-1.5065586115540501,4.3005044310376475,3.3451295626009756,3.3750504399717425,3.459789521751463,0.31506487717923193,0.8028334045334997,1.2180332166070045,-1.5065586115540501,2.410012476458939,5.2457249392022245,2.241888252653639,5.803974343669918,1.5720222505327293,0.923871882256889,1.374947923023484,0.6651008104968072,2.0016017256543384,1.5720222505327293,3.011778519198292,-1.5065586115540501,1.5720222505327293,1.920821249556508,-0.22814369557501735,0.6651008104968072,2.2719458897860427,4.357279396189848,0.8028334045334997,-1.5065586115540501,3.6851479319410716,3.5867863174506143,1.5105473334629194,1.920821249556508,2.842852191867415,2.6796596512034263,3.6103589870907458,6.918467683320571,0.8028334045334997,2.076341637811982,1.6299358758894593,3.271622576975626,1.6846783296185999,-0.6756202847356416,0.6651008104968072,-1.5065586115540501,2.755493859732188,7.19731969636888,-1.5065586115540501,2.659767174791847,-1.5065586115540501,1.920821249556508,5.652817161873476,6.114181940232245,5.5633093696123534
P001Z18,4.146169225883551,5.636415886444212,2.9497898369120827,3.1992300823404545,2.7872873842080175,-0.7354548300061392,3.6675818056412792,2.9329843011248204,2.289519820798313,2.9329843011248204,-0.4487034955196183,0.24304595181575905,2.2567360212478826,-1.1390610569810669,-1.1390610569810669,5.12351138756002,3.973379261901636,5.840536262272709,5.038480896174535,0.802062112645789,-0.2261188030787924,-1.1390610569810669,0.7280156572604035,2.2054525542429584,4.509613554071482,-1.1390610569810669,-1.1390610569810669,1.5637755443429944,-1.1390610569810669,1.6590517806211516,2.425042407035142,5.8114263787464715,1.3815286592500433,0.10971435501690685,3.5604181237187777,3.060128139037123,-1.1390610569810669,-1.1390610569810669,2.7970424927000286,0.8710016665419253,5.7530625034571745,6.522980613178719,-1.1390610569810669,0.10971435501690685,-1.1390610569810669,6.098868880504315,1.1584971050336366,0.3606735631112574,0.4659097218896857,-1.1390610569810669,2.2054525542429584,7.954481969885957,-1.1390610569810669,2.628241628082862,-1.1390610569810669,1.6590517806211516,6.259330062493837,6.1645680168783805,4.280326599652987
P002Z18,2.387096561943846,3.857432489198417,-1.216810678597458,6.701504798575086,-1.216810678597458,2.9807837610764834,6.075109557667379,-1.216810678597458,-1.216810678597458,-1.216810678597458,-1.216810678597458,-1.216810678597458,3.819454979898084,-1.216810678597458,-1.216810678597458,4.192115749626059,-1.216810678597458,4.227052697408128,0.9740110311549861,4.0282944970329355,-1.216810678597458,3.24197444835879,-1.216810678597458,-1.216810678597458,-1.216810678597458,-1.216810678597458,3.857432489198417,5.299556131062053,-1.216810678597458,-1.216810678597458,-1.216810678597458,5.373138773417725,3.8819725091899953,-1.216810678597458,-1.216810678597458,5.754203687803944,-1.216810678597458,-1.216810678597458,5.359402430152045,2.7464115648476533,4.2355994938305885,4.2355994938305885,4.4354906196292605,4.984587782667274,-1.216810678597458,5.826111997787116,-1.216810678597458,-1.216810678597458,-1.216810678597458,3.5209782196658894,5.554776330427149,6.868224824142713,-1.216810678597458,-1.216810678597458,-1.216810678597458,-1.216810678597458,7.251730714220676,3.917689053922272,-1.216810678597458
P003Z10,-1.1766900926831436,6.12068457245291,1.8811090556187935,3.4847040969076,4.388858897187737,1.4988676777833376,2.5903394131212316,3.0516349967393994,3.3661053178052365,3.5005543750350467,0.3003841255370219,1.0693541892345193,0.6266961061772474,-0.18712814381971477,-1.1766900926831436,4.499000141249667,3.3661053178052365,5.422478433913433,4.071839441524393,1.7983604891756544,1.2338822125664715,-1.1766900926831436,1.2338822125664715,-1.1766900926831436,3.34795326363306,-1.1766900926831436,-1.1766900926831436,0.8723210205841259,-1.1766900926831436,1.6089692413382828,2.3729593810556837,4.445445140063065,1.2338822125664715,0.6266961061772474,3.145619135473863,4.933789733591058,-1.1766900926831436,-1.1766900926831436,2.3729593810556837,0.6266961061772474,5.083325793546056,7.766458553687952,2.0285241016653472,-0.18712814381971477,0.6266961061772474,5.053824326125413,3.9288638847357786,-1.1766900926831436,-1.1766900926831436,-1.1766900926831436,1.0693541892345193,6.696396225305502,2.270786524981644,2.5504803149164896,1.0693541892345193,3.6190505680852594,6.655670553912848,6.4133360959111245,6.158866076442285
P003Z15,-0.9958310882427615,3.8512045620443836,-0.26566576835428357,0.76879809325815,4.827644674084904,-0.9958310882427615,0.5652529755941291,3.7301758089869406,4.331405131105729,4.261079241027515,0.1518403367531267,-0.9958310882427615,-0.26566576835428357,-0.9958310882427615,3.6508713109781983,7.779963653561418,2.2726900272986326,4.416486235073992,2.95700031518727,-0.9958310882427615,-0.9958310882427615,-0.9958310882427615,-0.9958310882427615,0.9378373335071295,2.9039992065838245,-0.9958310882427615,-0.5655355922789269,-0.9958310882427615,-0.9958310882427615,2.441758113751507,-0.9958310882427615,2.33227905871607,-0.9958310882427615,-0.9958310882427615,5.321884868080785,1.845079340748816,-0.9958310882427615,4.285986458052479,-0.26566576835428357,-0.5655355922789269,3.95915408792644,6.870853803976037,-0.26566576835428357,-0.9958310882427615,-0.5655355922789269,3.32437645071363,4.702451790541323,-0.9958310882427615,-0.9958310882427615,-0.9958310882427615,-0.26566576835428357,5.391210110274555,4.19744817774034,4.26387754358609,-0.9958310882427615,6.291336429987421,7.790454103826594,4.039237687077058,3.936152206832464
P004Z17,-1.1413891524878217,4.596239445560434,-1.1413891524878217,4.065292121894759,3.9026364158235074,-0.37991515658033137,5.234819297791823,1.9549330459956415,2.528254394402075,-1.1413891524878217,-1.1413891524878217,-1.1413891524878217,1.6906484988765653,0.34572090177841375,-1.1413891524878217,-0.6898581098057317,-1.1413891524878217,5.395916654072179,3.408239666743518,-0.6898581098057317,-0.14364912147051,-0.6898581098057317,1.9019435878740154,1.7237069701110714,3.818215016426593,-1.1413891524878217,-1.1413891524878217,1.5066597091236078,0.46704950929992606,2.387951641197515,3.352411974935455,6.301360350807421,0.04732605742317375,0.7617852336524429,4.0139580364517595,2.7835939161145546,1.2290562524543018,-1.1413891524878217,3.5113338829614813,3.466820817447916,5.029661136505959,7.231377338337098,1.4654204716788133,0.8434486656920992,-1.1413891524878217,3.970217155193124,1.845988359846281,-0.6898581098057317,-1.1413891524878217,1.0547250846939251,1.9549330459956415,6.80322108129265,-1.1413891524878217,-1.1413891524878217,-1.1413891524878217,-1.1413891524878217,5.079656890151574,5.670964574583968,5.968058771498676
P005Z08,-1.2405654798613401,6.47005127726033,-1.2405654798613401,5.645210727879064,4.391975998715856,-1.2405654798613401,5.639137914848595,3.6810507503850856,4.1447047244462505,-1.2405654798613401,3.1160958874308715,1.3124346418350914,-1.2405654798613401,-1.2405654798613401,3.606396490840681,4.473373247830982,-1.2405654798613401,5.635068787203139,-1.2405654798613401,0.6942537016593011,-1.2405654798613401,3.5907727641455756,-1.2405654798613401,3.1654806917976357,4.36330153867792,0.3585247021257718,3.966909325451679,4.019549445681891,-1.2405654798613401,3.8764588858882076,3.6953353775143682,-1.2405654798613401,3.9227064175007875,1.455401910853264,4.7354771268550975,4.231334061663474,-1.2405654798613401,3.802811871463553,5.340914331839527,-1.2405654798613401,-1.2405654798613401,6.797509403187171,3.1654806917976357,4.188957180130932,-1.2405654798613401,5.839067591457333,3.6953353775143682,0.945154981632709,1.1455626756332107,-1.2405654798613401,5.755903747888118,6.331770738626933,-1.2405654798613401,-1.2405654798613401,-1.2405654798613401,-1.2405654798613401,6.918651173006421,6.087975340154904,4.126440463687881
P007Z08,0.2384655522069803,5.363611257901139,-1.3307196233339695,3.986480526536381,3.867755522717805,0.2384655522069803,4.305857279039684,3.1518632240455213,3.716854834803473,2.589976299151889,0.6623315336125319,1.8126828233321968,0.3624199102079366,0.3624199102079366,2.927963200051776,5.749379728977745,2.6626670323781045,4.430999737484446,2.1755351977601594,0.6623315336125319,-0.5120074372688972,0.4726902082120752,2.1167843876143593,-1.3307196233339695,3.0381715032693464,1.4549662590610746,0.6623315336125319,1.079878435938264,1.079878435938264,1.49331773377176,1.8915096534262767,4.122892832044024,0.6623315336125319,-1.3307196233339695,2.411612358991265,3.2857726385215216,1.7849631817731844,3.2920196207639343,3.420417434609499,2.7412904897056833,5.358892701888098,7.942826106557613,1.9164624096773757,0.8216780092763596,0.2384655522069803,3.100410719800288,4.294495529724388,-1.3307196233339695,0.9590886088144952,1.4549662590610746,1.565871612629203,6.199602358480604,1.1876378923113853,1.7849631817731844,1.940807654213569,4.68647994269183,5.817426951764182,5.413350760596623,6.022610950237036
P008Z08,-1.296403993696222,6.588292671176944,-1.296403993696222,4.701793157634083,4.011126123985207,-1.296403993696222,4.914238806504525,3.1188413354459446,2.656066468037216,2.8884034290962433,0.18616719786060365,-1.296403993696222,1.3857826968147684,-1.296403993696222,3.785000371286854,4.790709167237971,3.159179549469532,5.582141571043193,2.656066468037216,1.5951490992444555,0.18616719786060365,1.3857826968147684,0.7588102526485354,0.7588102526485354,5.1876463705944005,-1.296403993696222,-1.296403993696222,1.9156400368789361,0.18616719786060365,2.938935176696843,2.1579643510561333,4.485586445967757,0.7588102526485354,0.7588102526485354,3.763629182605621,3.5474479721154957,-1.296403993696222,3.07680730407304,4.209359899887731,0.7588102526485354,-1.296403993696222,7.464075743931808,2.0441244389245803,2.7789673843812137,-1.296403993696222,3.6732615408245586,2.987035822254885,-1.296403993696222,0.7588102526485354,0.18616719786060365,2.7789673843812137,6.317677201022268,-1.296403993696222,4.431690464125426,1.768179297310951,3.463585341651311,6.207694617882661,6.434845271775702,5.981402326468707
P008Z17,1.1370449617763656,5.880964180641271,-1.1563906197504963,4.254018303282361,4.688539284221008,0.7808076123765364,4.1267942659124595,4.0319915810902875,3.3768416035301545,0.22228497375052214,-1.1563906197504963,-1.1563906197504963,0.7808076123765364,0.7808076123765364,-1.1563906197504963,3.3108910501902757,1.3991735190774612,5.075681224350301,0.7808076123765364,1.6066655386587394,-1.1563906197504963,-1.1563906197504963,-1.1563906197504963,2.166007627904058,3.4387104824769983,-1.1563906197504963,-1.1563906197504963,3.578459091498601,0.22228497375052214,2.9444795133787087,1.7784149679442702,3.4387104824769983,-1.1563906197504963,1.1370449617763656,3.3108910501902757,2.7848783691030636,-1.1563906197504963,1.7784149679442702,3.3444099127891436,2.5948759061752247,-1.1563906197504963,7.156320574508456,2.267755000796135,2.522573071386212,1.6066655386587394,5.358482717352608,2.522573071386212,1.6066655386587394,-1.1563906197504963,-1.1563906197504963,3.3768416035301545,8.127200990183827,-1.1563906197504963,2.0527227394226095,-1.1563906197504963,2.3600992317638623,5.878352099664482,5.564468369515724,5.698296518897578
P021Z12,-1.3316604906423777,4.043803085083651,-1.3316604906423777,6.236904710318479,4.043803085083651,2.9544057528850924,5.774584926293649,-1.3316604906423777,2.274923720744235,-1.3316604906423777,-1.3316604906423777,-1.3316604906423777,3.6406496891289484,3.8624068545341164,-1.3316604906423777,2.274923720744235,-1.3316604906423777,4.447724077507176,2.9544057528850924,-1.3316604906423777,-1.3316604906423777,2.9544057528850924,-1.3316604906423777,-1.3316604906423777,2.274923720744235,-1.3316604906423777,2.274923720744235,2.9544057528850924,3.6406496891289484,4.197292292978844,-1.3316604906423777,-1.3316604906423777,3.6406496891289484,4.043803085083651,-1.3316604906423777,5.544273829350136,3.3552739971450993,-1.3316604906423777,5.33971401024403,-1.3316604906423777,-1.3316604906423777,6.481914894032148,4.552775483706575,4.197292292978844,3.3552739971450993,2.9544057528850924,2.9544057528850924,-1.3316604906423777,3.3552739971450993,4.197292292978844,5.580604603818269,6.437481504484429,-1.3316604906423777,-1.3316604906423777,4.197292292978844,4.330327294356964,7.0598152708981186,6.076651870630496,3.8624068545341164
P022Z12,-0.9506727708548048,6.471486795458292,-0.9506727708548048,5.651266862496566,-0.9506727708548048,-0.9506727708548048,6.38815717270314,-0.9506727708548048,-0.9506727708548048,-0.9506727708548048,-0.9506727708548048,4.355597958315593,-0.9506727708548048,-0.9506727708548048,-0.9506727708548048,5.2000572847816695,-0.9506727708548048,5.556092446670778,-0.9506727708548048,-0.9506727708548048,-0.9506727708548048,-0.9506727708548048,-0.9506727708548048,-0.9506727708548048,-0.9506727708548048,-0.9506727708548048,-0.9506727708548048,4.864437454675531,3.26685756357824,4.355597958315593,-0.9506727708548048,-0.9506727708548048,-0.9506727708548048,-0.9506727708548048,-0.9506727708548048,6.3437349465312876,-0.9506727708548048,-0.9506727708548048,5.046261862641574,-0.9506727708548048,3.26685756357824,3.26685756357824,4.355597958315593,5.45089783974286,-0.9506727708548048,3.952609975053784,-0.9506727708548048,-0.9506727708548048,-0.9506727708548048,5.046261862641574,5.651266862496566,7.2776316501897895,-0.9506727708548048,-0.9506727708548048,-0.9506727708548048,3.26685756357824,7.658914548202687,-0.9506727708548048,-0.9506727708548048
P022Z13,-0.9037903993798331,5.036973443713689,-0.9037903993798331,7.118338011710144,-0.9037903993798331,-0.9037903993798331,7.79215437813192,3.171166083754973,-0.9037903993798331,-0.9037903993798331,-0.9037903993798331,3.055504914613879,-0.9037903993798331,-0.9037903993798331,-0.9037903993798331,-0.9037903993798331,-0.9037903993798331,5.649576722538448,-0.9037903993798331,3.274825858558943,-0.9037903993798331,-0.9037903993798331,-0.9037903993798331,-0.9037903993798331,-0.9037903993798331,-0.9037903993798331,-0.9037903993798331,4.891674099607671,-0.9037903993798331,-0.9037903993798331,-0.9037903993798331,-0.9037903993798331,-0.9037903993798331,3.055504914613879,3.7390680382047705,2.924695037097032,-0.9037903993798331,-0.9037903993798331,6.889460297578049,-0.9037903993798331,3.454590868268773,6.133830846829828,-0.9037903993798331,4.7888203867225725,-0.9037903993798331,4.054891914887862,-0.9037903993798331,5.221671267608361,-0.9037903993798331,-0.9037903993798331,5.920734528637924,6.116751554961992,-0.9037903993798331,3.454590868268773,4.1818822701860165,-0.9037903993798331,7.161674532206713,5.163814537645676,5.833186770101447
P022Z17,1.3525902447664873,4.04091467279695,-1.0985046056699268,5.581192675900311,4.485089552992563,-1.0985046056699268,5.848377184933984,3.353611475243369,-1.0985046056699268,-1.0985046056699268,-1.0985046056699268,2.392019134486395,-1.0985046056699268,1.3525902447664873,3.353611475243369,6.344437710806391,2.6720507915405802,4.357768645241537,2.392019134486395,2.8905758412183067,-1.0985046056699268,-1.0985046056699268,-1.0985046056699268,2.001681478240288,4.524165677592389,-1.0985046056699268,2.392019134486395,3.069806503881174,3.353611475243369,-1.0985046056699268,2.392019134486395,2.392019134486395,-1.0985046056699268,2.392019134486395,1.3525902447664873,3.5744215300097153,-1.0985046056699268,4.211839065601946,4.699473113492834,-1.0985046056699268,3.069806503881174,7.790543432551047,4.1011944650243075,-1.0985046056699268,-1.0985046056699268,2.392019134486395,2.001681478240288,1.3525902447664873,-1.0985046056699268,2.6720507915405802,4.598015403889121,6.838753965840796,-1.0985046056699268,-1.0985046056699268,-1.0985046056699268,4.561772108639921,5.848377184932779,6.665549817698109,6.57118218492159
P029Z13,-1.2288949044098967,5.194804829913144,-1.2288949044098967,4.216676329539211,4.503278976068807,-1.2288949044098967,4.503278976068807,3.930431681569039,2.4462642458877344,2.4462642458877344,-1.2288949044098967,-1.2288949044098967,1.7781465689489862,-1.2288949044098967,2.8432450063352386,4.948398988498974,1.7781465689489862,5.871404891805765,3.680757498073623,-1.2288949044098967,-1.2288949044098967,-1.2288949044098967,-1.2288949044098967,2.4462642458877344,3.680757498073623,-1.2288949044098967,-1.2288949044098967,2.8432450063352386,2.4462642458877344,-1.2288949044098967,2.4462642458877344,4.725774312105026,-1.2288949044098967,-1.2288949044098967,3.680757498073623,4.130057182363741,-1.2288949044098967,3.930431681569039,3.5278352386694483,3.5278352386694483,4.438956433343537,7.772573517782398,4.130057182363741,2.4462642458877344,-1.2288949044098967,3.1266577573144057,3.1266577573144057,-1.2288949044098967,-1.2288949044098967,3.3472309392550166,3.5278352386694483,6.662292995531699,1.7781465689489862,3.680757498073623,-1.2288949044098967,2.4462642458877344,6.1939507112521,6.446408096378457,6.004833171914222
P033Z12,3.758714805639441,3.758714805639441,-1.0317771684712422,6.544092545153245,-1.0317771684712422,3.3573952771699673,6.795293039312233,3.758714805639441,2.6765827073080573,4.266211547274316,-1.0317771684712422,2.6765827073080573,-1.0317771684712422,-1.0317771684712422,-1.0317771684712422,4.851772785071471,-1.0317771684712422,5.292610441869361,4.0443176257271825,2.6765827073080573,-1.0317771684712422,-1.0317771684712422,-1.0317771684712422,-1.0317771684712422,-1.0317771684712422,-1.0317771684712422,-1.0317771684712422,4.0443176257271825,-1.0317771684712422,-1.0317771684712422,-1.0317771684712422,6.763045252160804,3.3573952771699673,2.6765827073080573,-1.0317771684712422,5.910822201870586,-1.0317771684712422,-1.0317771684712422,6.341267046231124,-1.0317771684712422,4.9568547737942135,4.266211547274316,-1.0317771684712422,5.48645015981877,-1.0317771684712422,4.0443176257271825,3.3573952771699673,3.758714805639441,-1.0317771684712422,-1.0317771684712422,4.851772785071471,6.235976300765309,-1.0317771684712422,-1.0317771684712422,3.758714805639441,-1.0317771684712422,7.37936965935887,6.712635701509317,-1.0317771684712422
P045Z10A,-1.1900664009551694,4.651432502703741,-1.1900664009551694,5.946977494369213,4.929439158940776,2.049438094139595,6.270959454465668,3.342038593486553,-1.1900664009551694,-1.1900664009551694,-1.1900664009551694,1.3947260353579338,-1.1900664009551694,-1.1900664009551694,4.046232892531351,4.422320317043225,-1.1900664009551694,4.768892765630631,2.1628579241958246,-1.1900664009551694,1.1318704627002676,1.1318704627002676,-1.1900664009551694,-1.1900664009551694,-1.1900664009551694,0.2123803303364884,-1.1900664009551694,3.3085079387681278,3.161866326648772,2.1628579241958246,3.549721751872408,-1.1900664009551694,2.722799161299167,1.1318704627002676,3.3744813236058704,2.8383593776600176,-1.1900664009551694,2.592118438220422,5.1892180681293185,1.6026723452225093,-1.1900664009551694,6.182557217777802,1.3947260353579338,3.943272398836551,-1.1900664009551694,4.340714931262298,-1.1900664009551694,2.7822476119341406,0.7742824483648079,-1.1900664009551694,3.7439112542501896,7.746170302317443,-1.1900664009551694,3.035788035625683,2.049438094139595,3.405904513060081,6.387306610254074,6.750397388770755,5.909736292750488
P047Z15,-0.9816071229846504,5.48618818379266,-0.9816071229846504,4.948300100729413,5.3041771078086555,-0.9816071229846504,5.199023525814285,4.390676373806926,4.104540943264805,-0.9816071229846504,-0.9816071229846504,4.390676373806926,3.7021619611248164,-0.9816071229846504,3.7021619611248164,-0.9816071229846504,-0.9816071229846504,4.948300100729413,-0.9816071229846504,-0.9816071229846504,-0.9816071229846504,4.794592444193876,-0.9816071229846504,-0.9816071229846504,4.61289079046026,3.0182164216475016,-0.9816071229846504,4.390676373806926,-0.9816071229846504,-0.9816071229846504,-0.9816071229846504,-0.9816071229846504,-0.9816071229846504,-0.9816071229846504,4.390676373806926,5.709021157868648,-0.9816071229846504,-0.9816071229846504,5.199023525814285,-0.9816071229846504,4.61289079046026,7.803901672044899,3.7021619611248164,-0.9816071229846504,-0.9816071229846504,3.0182164216475016,-0.9816071229846504,-0.9816071229846504,-0.9816071229846504,3.0182164216475016,5.199023525814285,6.806804768687584,-0.9816071229846504,-0.9816071229846504,-0.9816071229846504,-0.9816071229846504,7.3174645744462445,5.891135609568128,6.136032904709893
P052Z10,-1.0898995559397324,4.318762164203945,-1.0898995559397324,3.4495425403373545,2.9458112673479,2.7670181010943278,4.032571521862674,4.75005178685453,-1.0898995559397324,4.086324942640752,-1.0898995559397324,-1.0898995559397324,1.2387288882207201,-1.0898995559397324,1.2387288882207201,6.2182952657570825,3.851441509675168,5.070160643256137,4.541009788593372,1.2387288882207201,-1.0898995559397324,-1.0898995559397324,-1.0898995559397324,-1.0898995559397324,4.185870228302893,1.2387288882207201,-1.0898995559397324,2.9458112673479,-1.0898995559397324,1.881934867691358,3.229065272065152,6.474277569023904,-1.0898995559397324,1.2387288882207201,3.7094392946306485,2.9458112673489314,-1.0898995559397324,4.359405037539407,3.9757637097207077,3.229065272065152,4.635993977670773,5.386256796811909,1.2387288882207201,-1.0898995559397324,-1.0898995559397324,4.472272978144907,-1.0898995559397324,-1.0898995559397324,-1.0898995559397324,2.7670181010943278,2.9458112673479,8.219699053337918,-1.0898995559397324,3.5438813973830383,-1.0898995559397324,2.549143901954671,6.727610335324614,4.472272978144907,5.232362703639025
P058Z14,4.446766081174595,3.9445405189595597,0.6088628713406958,3.528449397872346,-0.9856019525465616,-0.9856019525465616,4.02620802229718,2.6070757572432903,1.562050734814978,2.8878529132967987,0.6088628713406958,1.8299725624196599,-0.9856019525465616,-0.9856019525465616,1.8299725624196599,5.04778009815091,-0.9856019525465616,5.758397781836679,4.895595603741091,1.1949719357670743,-0.9856019525465616,-0.9856019525465616,1.1949719357670743,1.562050734814978,3.230027186502178,0.6088628713406958,-0.9856019525465616,2.802729428651155,-0.9856019525465616,-0.9856019525465616,1.562050734814978,6.826476907801824,-0.9856019525465616,-0.9856019525465616,0.6088628713406958,3.2300271865002568,-0.9856019525465616,1.562050734814978,2.966295385051768,2.6070757572432903,5.281679735026106,5.548181281314194,2.041069784689414,-0.9856019525465616,-0.9856019525465616,4.927941787003256,0.6088628713406958,-0.9856019525465616,-0.9856019525465616,2.709680025043478,3.339697609648879,7.496104109425305,-0.9856019525465616,0.6088628713406958,0.6088628713406958,2.802729428651155,8.1801579467312,5.609056017938117,4.80384572332433
P060Z15,-1.1798325614600618,6.437019063660264,4.625595178830274,3.723309103175593,1.8209749296115412,-1.1798325614600618,3.62400673160768,3.570394862822587,4.202304862523193,3.453692459054772,-1.1798325614600618,-1.1798325614600618,1.8209749296115412,0.817212500238691,1.8209749296115412,5.205622567986787,-1.1798325614600618,5.6491520354258284,5.484796150271933,1.8209749296115412,-1.1798325614600618,2.0961422983156037,2.6394341349946,2.77021877292285,6.320862841926655,-1.1798325614600618,-1.1798325614600618,1.4400789542639751,-1.1798325614600618,2.6394341349946,3.570394862822587,4.922072102422682,0.817212500238691,-1.1798325614600618,3.62400673160768,2.096142298313252,0.817212500238691,2.6394341349946,3.083407656283054,-1.1798325614600618,3.8559121618892513,6.730825826954428,-1.1798325614600618,0.817212500238691,-1.1798325614600618,6.285036881481482,2.9895041483658282,0.817212500238691,2.311701154199252,1.4400789542639751,3.1692452932822777,7.2169110376474,1.8209749296115412,-1.1798325614600618,-1.1798325614600618,-1.1798325614600618,5.831293249928938,6.979720223764415,4.110376409573826
P061Z10,-1.1898030080700703,5.0135822246642885,-1.1898030080700703,6.535823231843258,-1.1898030080700703,1.8048131387512907,6.5660737320159726,2.973118260731381,-1.1898030080700703,-1.1898030080700703,-1.1898030080700703,4.156135215937,-1.1898030080700703,-1.1898030080700703,-1.1898030080700703,4.465018008446313,4.125512529802912,6.3043794819434265,4.465018008446313,2.7538576686089637,0.8016125474444831,3.7068706601751185,-1.1898030080700703,-1.1898030080700703,-1.1898030080700703,0.8016125474444831,2.7538576686089637,3.437269033919428,3.3733825243370275,-1.1898030080700703,-1.1898030080700703,3.1528427763682085,-1.1898030080700703,2.0799022928218625,3.4973179981658777,4.442624708511502,2.8694853663848807,3.5539644380427626,6.3983585049696075,0.8016125474444831,1.8048131387512907,4.5897692313294005,2.6230906161421235,3.7530510093061418,3.6584539959520033,4.3962751485311395,-1.1898030080700703,0.8016125474444831,-1.1898030080700703,4.60912789163383,5.291111350101406,7.273798794125775,-1.1898030080700703,-1.1898030080700703,-1.1898030080700703,2.2954132641275855,7.073471560216575,4.628118900191324,3.4973179981658777
P062Z14,-0.8511378446203857,5.503856304612055,-0.8511378446203857,6.719027811419551,-0.8511378446203857,-0.8511378446203857,6.313820473596424,-0.8511378446203857,4.122762533056459,-0.8511378446203857,-0.8511378446203857,-0.8511378446203857,4.122762533056459,-0.8511378446203857,-0.8511378446203857,5.216753412858562,3.436507665723261,4.525919606406224,3.436507665723261,-0.8511378446203857,-0.8511378446203857,-0.8511378446203857,-0.8511378446203857,-0.8511378446203857,3.436507665723261,-0.8511378446203857,-0.8511378446203857,-0.8511378446203857,-0.8511378446203857,-0.8511378446203857,-0.8511378446203857,5.370573173363477,-0.8511378446203857,4.525919606406224,4.525919606406224,5.2167534128592425,4.812445660766523,3.436507665723261,5.821835910980129,-0.8511378446203857,-0.8511378446203857,6.419103665144144,3.436507665723261,4.525919606406224,-0.8511378446203857,-0.8511378446203857,-0.8511378446203857,-0.8511378446203857,-0.8511378446203857,-0.8511378446203857,4.812445660766523,6.8888462813706735,-0.8511378446203857,-0.8511378446203857,-0.8511378446203857,-0.8511378446203857,7.944615168518289,5.621446205469445,-0.8511378446203857
P066Z10,-1.197633272873464,6.687804422691951,2.122148923887167,2.3380340551263687,4.667953469059317,-1.197633272873464,2.223886815076555,5.547010038019064,2.6504840513951855,4.233036807199784,0.3503525121057329,-1.197633272873464,0.7372424648343472,-0.6435194709103964,2.8371354964652573,5.859579067643663,4.936908440281304,5.7611621217560565,4.892628069914028,-1.197633272873464,-1.197633272873464,-1.197633272873464,1.9146163892210524,-1.197633272873464,3.016504403465066,-1.197633272873464,-1.197633272873464,0.9310720873373581,-1.197633272873464,3.38725392983702,3.627848136952352,-1.197633272873464,-0.02788120821230322,-1.197633272873464,4.801392849331903,1.232955468665267,-1.197633272873464,4.0752855980419955,1.5149109027946643,2.7409744378245398,4.678395233502692,5.478474676670004,0.7372424648343472,0.7372424648343472,0.6241356652098631,6.759794350765217,2.095010676626896,-0.02788120821230322,-1.197633272873464,-0.6435194709103964,0.8388461832089176,6.979700684584653,0.9310720873373581,2.6019705825899235,-0.28905382555334924,4.134266992086,7.082971577146138,6.378191267325759,2.4404763865211985
P080Z15,-0.8111278661885191,5.842199891867882,-0.8111278661885191,2.836055764523909,4.054828655808127,0.4082535634909803,2.654802117156229,3.439760251554951,4.011005320114198,0.4082535634909803,-0.8111278661885191,-0.8111278661885191,1.2875376431307082,-0.8111278661885191,-0.22610554306009867,3.137843803583923,-0.8111278661885191,5.766612543299738,4.326678053971462,-0.22610554306009867,-0.8111278661885191,-0.22610554306009867,0.1405539906264437,-0.22610554306009867,1.0706577546981197,-0.8111278661885191,-0.8111278661885191,-0.22610554306009867,-0.8111278661885191,3.197333987336327,2.7495299422901143,5.075959118862403,0.1405539906264437,-0.22610554306009867,1.8640911033668246,1.8077629722480797,0.1405539906264437,-0.8111278661885191,1.18496582239713,-0.8111278661885191,1.5440850340621664,7.6163240821176235,0.9415765076416989,0.4082535634909803,-0.8111278661885191,7.308806823291851,1.465661521560965,-0.8111278661885191,-0.8111278661885191,0.4082535634909803,1.6168030348445388,8.209468439141427,0.1405539906264437,-0.8111278661885191,0.4082535634909803,-0.8111278661885191,6.016757050515679,7.00996471927523,3.8666807122071036
P107Z15,2.8826035729716217,2.20006616365185,2.20006616365185,5.042165111035839,3.1036115947777727,-1.6580667384747922,5.3782856782437305,2.20006616365185,2.598470613113041,3.1036115947777727,2.598470613113041,3.570403354421299,1.5278066805894808,3.1036115947777727,1.5278066805894808,5.456690927096812,4.8882195146063605,4.483471867338837,3.9740796228535364,2.598470613113041,-1.6580667384747922,1.5278066805894808,2.598470613113041,2.598470613113041,3.570403354421299,-1.6580667384747922,3.1036115947777727,1.5278066805894808,-1.6580667384747922,1.5278066805894808,-1.6580667384747922,4.321332561761677,2.20006616365185,-1.6580667384747922,1.5278066805894808,4.321332561761195,-1.6580667384747922,2.20006616365185,4.706185003921623,-1.6580667384747922,6.081141026502506,6.256635688955978,2.598470613113041,1.5278066805894808,1.5278066805894808,2.598470613113041,3.570403354421299,-1.6580667384747922,-1.6580667384747922,3.887393727545029,4.053846840183095,6.273436718377823,-1.6580667384747922,-1.6580667384747922,-1.6580667384747922,1.5278066805894808,6.56725785141571,5.097668439625446,4.378350390949409
P121Z15,-1.2483520191315112,5.957062956384972,1.0047392401227189,3.4676655034833272,4.921171209332162,-1.2483520191315112,2.8562690890983324,4.193901076918079,4.07665910948447,2.987736319310362,1.0047392401227189,-1.2483520191315112,2.030727851536997,1.0047392401227189,3.103910944408126,4.480500133867054,2.308949591926683,5.251938054020519,3.4676655034833272,-1.2483520191315112,-1.2483520191315112,-1.2483520191315112,1.6439190745685393,2.526373684805975,2.987736319310362,-1.2483520191315112,-1.2483520191315112,-1.2483520191315112,-1.2483520191315112,2.308949591926683,3.3883684139241756,3.3883684139241756,-1.2483520191315112,-1.2483520191315112,4.265061395138012,2.308949591926683,-1.2483520191315112,3.207982866389899,2.308949591926683,-1.2483520191315112,4.363123366489653,7.323633925770735,1.6439190745685393,-1.2483520191315112,-1.2483520191315112,5.459295565991399,2.030727851536997,-1.2483520191315112,1.0047392401227189,2.030727851536997,2.987736319310362,7.4262302746743405,1.0047392401227189,2.030727851536997,-1.2483520191315112,3.9900902070273814,5.918377755118121,6.780155212689608,5.277218286220413
